{
    "Customer": {
        "LSC": {
            "ServerName": "PWPAXD-SQLVM020",
            "Database": "DBA_REPOSITORY",
            "DbaBasepath": "D:\\SQLDBA\\Ensono\\SqlCollection",
            "ScriptFolder": "Powershell",
            "ReportFolder": "Reports",
            "KeyFolder": "Keys",
            "SMTP": "SMTP.PRSCOAD.COM",
            "ToMail": "DBACS5@Ensono.com",
            "CcMail": "prod_sqldba@lsccom.com",
            "FromMail": "no_replyDba@lsccom.com",
            "ConnectionMethod": {
                "default": {
                    "PasswordEncryptedFileName": "CollectionSqlPwd.txt",
                    "AESKeyName": "CollectionAES.Key",
                    "SqlLogin": "PRSCOAD\\ENSSQL-User"
                }
            },
            "Comments": "Jobs And DbaBasePath exist on PWPAXD-UTLDBA01"
        },
        "DFS": {
            "ServerName": "FWPAXD-SQLVM001\\SQL001",
            "Database": "DBA_REPOSITORY",
            "DbaBasepath": "D:\\SQLDBA\\Ensono\\SqlCollection",
            "ScriptFolder": "Powershell",
            "ReportFolder": "Reports",
            "KeyFolder": "Keys",
            "SMTP": "SMTP.FINCOAD.COM",
            "ToMail": "DBACS5@Ensono.com",
            "CcMail": "prod_sqldba@dfsco.com",
            "FromMail": "no_replyDba@dfsco.com",
            "ConnectionMethod": {
                "default": {
                    "PasswordEncryptedFileName": "CollectionSqlPwd.txt",
                    "AESKeyName": "CollectionAES.Key",
                    "SqlLogin": "FINCOAD\\prod-sql-dba"
                }
            }
        },
        "DNB": {
            "ServerName": "CWMONDBPW01",
            "Database": "DBA_REPOSITORY",
            "DbaBasepath": "Y:\\SqlCollection",
            "ScriptFolder": "Powershell",
            "ReportFolder": "Reports",
            "KeyFolder": "Keys",
            "SMTP": "SMTP-GW.US.DNB.COM",
            "ToMail": "DNB_SQLSME@Ensono.com",
            "CcMail": "harsha.vasa@ensono.com",
            "FromMail": "no_replyDba@dnb.com",
            "ConnectionMethod": {
                "default": {
                    "PasswordEncryptedFileName": "CollectionSqlPwd.txt",
                    "AESKeyName": "CollectionAES.Key",
                    "SqlLogin": "DNBINT\\z-mssql-pdb"
                },
                "conn1": {
                    "PasswordEncryptedFileName": "CollectionSqlPwd_conn1.txt",
                    "Items": [
                        {
                            "SqlInstance": "ASCDEV.CX2XQTOZTFC1.US-EAST-1.RDS.AMAZONAWS.COM",
                            "SqlLogin": "ascdba"
                        },
                        {
                            "SqlInstance": "ASCPROD.CX2XQTOZTFC1.US-EAST-1.RDS.AMAZONAWS.COM",
                            "SqlLogin": "ascdba"
                        },
                        {
                            "SqlInstance": "COB-VA-D.CX2XQTOZTFC1.US-EAST-1.RDS.AMAZONAWS.COM",
                            "SqlLogin": "cobdev"
                        },
                        {
                            "SqlInstance": "RPA-P-GREEN-DB.CX2XQTOZTFC1.US-EAST-1.RDS.AMAZONAWS.COM",
                            "SqlLogin": "bdrrpa"
                        },
                        {
                            "SqlInstance": "RPA-Q-GREEN-DB.CX2XQTOZTFC1.US-EAST-1.RDS.AMAZONAWS.COM",
                            "SqlLogin": "bdrrpa"
                        }
                    ]
                },
                "conn2": {
                    "PasswordEncryptedFileName": "CollectionSqlPwd_conn2.txt",
                    "Items": [
                        {
                            "SqlInstance": "GMS-PROD-CED.CTZHYULSNYGX.EU-WEST-1.RDS.AMAZONAWS.COM",
                            "SqlLogin": "sysdba"
                        },
                        {
                            "SqlInstance": "GMS-PROD-SHED.CTZHYULSNYGX.EU-WEST-1.RDS.AMAZONAWS.COM",
                            "SqlLogin": "sysdba"
                        },
                        {
                            "SqlInstance": "GMS-QA-UAT-CED.CTZHYULSNYGX.EU-WEST-1.RDS.AMAZONAWS.COM",
                            "SqlLogin": "gmsceddba"
                        },
                        {
                            "SqlInstance": "GMS-QA-UAT-SHED.CTZHYULSNYGX.EU-WEST-1.RDS.AMAZONAWS.COM",
                            "SqlLogin": "gmssheddba"
                        }
                    ]
                }
            }
        },
        "DNB-Hoovers": {
            "ServerName": "DEV1-BBIS-SVC01.INTONLINE.OSINTERNAL.NET",
            "Database": "DBA_REPOSITORY",
            "DbaBasepath": "G:\\SqlCollection",
            "ScriptFolder": "Powershell",
            "ReportFolder": "Reports",
            "KeyFolder": "Keys",
            "SMTP": "OPS2-SMTP01.AVENTION.COM",
            "ToMail": "DNB_SQLSME@Ensono.com",
            "CcMail": "harsha.vasa@ensono.com",
            "FromMail": "no_replyDba@avention.com",
            "ConnectionMethod": {
                "default": {
                    "PasswordEncryptedFileName": "CollectionSqlPwd.txt",
                    "AESKeyName": "CollectionAES.Key",
                    "SqlLogin": "oscorp\\z-mssql-pdb"
                }
            }
        },
        "Ensono": {
            "ServerName": "DGWPSQL01",
            "Database": "DBA_REPOSITORY",
            "DbaBasepath": "D:\\SqlCollection",
            "ScriptFolder": "Powershell",
            "ReportFolder": "Reports",
            "KeyFolder": "Keys",
            "SMTP": "SMTP.INT.ENSONO.COM",
            "ToMail": "EnsonoSQLServerL3@Ensono.com",
            "CcMail": "harsha.vasa@ensono.com",
            "FromMail": "no_replyDba@ensono.com",
            "ConnectionMethod": {
                "default": {
                    "PasswordEncryptedFileName": "CollectionSqlPwd.txt",
                    "AESKeyName": "CollectionAES.Key",
                    "SqlLogin": "dba_cms"
                }
            }
        }
    }
}